paramter,true,sd
alpha10,9.21,0.0016
alpha11,0.038,0.00016
alpha12,0.033,0.00014
alpha13,0.0005,0.000011
alpha14,0.0,0.0011
alpha15,0.0,0.000058
alpha20,8.48,0.0019
alpha21,0.07,0.000095
alpha22,0.067,0.00014
alpha23,0.001,0.000008
alpha24,0.022,0.0004
alpha25,0.0005,0.000041
beta0,0.0,100
beta1,0.0,145
beta2,4000,317
gamma0,17750,159
a11,0.2,0.003
a21,0.0,0.016
a22,0.25,0.0044
a31,0.0,0.261
a32,0.0,0.224
a33,1500,218
a41,0.0,0.123
a42,0.0,0.406
a43,0.0,-0.588
a44,1500,360
